{
    "LINEAR_NO_NAN": {
        "train_loss": 1.367869530190343,
        "test_loss": 1.449559274855748,
        "test_acc": 0.43258426966292135,
        "test_aucroc": 0.7453038964260879
    },
    "LINEAR_ENCODED": {
        "train_loss": 1.4489279424829726,
        "test_loss": 1.5142071631340337,
        "test_acc": 0.45132743362831856,
        "test_aucroc": 0.7740422207231037
    },
    "XGBOOST": {
        "train_loss": 1.31387754977506,
        "test_loss": 1.4594504207545211,
        "test_acc": 0.4424778761061947,
        "test_aucroc": 0.7750685197081256
    },
    "XGBOOST_FINE": {
        "train_loss": 1.4155505266449073,
        "test_loss": 1.4348779249249737,
        "test_acc": 0.4469026548672566,
        "test_aucroc": 0.7783620550394824
    }
}